,mean_fit_time,std_fit_time,mean_score_time,std_score_time,param_activation,param_epochs,param_lr,param_num_layers,param_optimizer_name,param_units,params,split0_test_score,split1_test_score,split2_test_score,mean_test_score,std_test_score,rank_test_score
0,46.29891022,0.071518768,0.869888703,0.02511277,relu,30,1.00E-05,1,adam,32,"{'activation': 'relu', 'epochs': 30, 'lr': 1e-05, 'num_layers': 1, 'optimizer_name': 'adam', 'units': 32}",0.639936626,0.659058511,0.640196562,0.646397233,0.008953505,94
1,46.74208601,0.11688719,0.799813271,0.018228687,relu,30,1.00E-05,1,adam,64,"{'activation': 'relu', 'epochs': 30, 'lr': 1e-05, 'num_layers': 1, 'optimizer_name': 'adam', 'units': 64}",0.69302696,0.695831358,0.693453789,0.694104036,0.001233769,85
2,46.21913099,1.697652962,0.881166776,0.206780862,relu,30,1.00E-05,1,adam,128,"{'activation': 'relu', 'epochs': 30, 'lr': 1e-05, 'num_layers': 1, 'optimizer_name': 'adam', 'units': 128}",0.709350228,0.718497396,0.710572183,0.712806602,0.004054803,73
3,46.63427973,0.078676019,1.003735622,0.049278481,relu,30,1.00E-05,1,adam,256,"{'activation': 'relu', 'epochs': 30, 'lr': 1e-05, 'num_layers': 1, 'optimizer_name': 'adam', 'units': 256}",0.72789222,0.741004884,0.726422548,0.731773218,0.00655529,62
4,41.0615224,0.453418457,1.109876951,0.135651038,relu,30,1.00E-05,1,sgd,32,"{'activation': 'relu', 'epochs': 30, 'lr': 1e-05, 'num_layers': 1, 'optimizer_name': 'sgd', 'units': 32}",0.218383521,0.234268501,0.241084158,0.231245394,0.00951084,127
5,43.69044367,1.182013783,1.406930765,0.337196944,relu,30,1.00E-05,1,sgd,64,"{'activation': 'relu', 'epochs': 30, 'lr': 1e-05, 'num_layers': 1, 'optimizer_name': 'sgd', 'units': 64}",0.235023767,0.217150107,0.220795691,0.224323188,0.007711435,133
6,45.79476913,0.038223086,1.20942537,0.051124991,relu,30,1.00E-05,1,sgd,128,"{'activation': 'relu', 'epochs': 30, 'lr': 1e-05, 'num_layers': 1, 'optimizer_name': 'sgd', 'units': 128}",0.238510296,0.212712005,0.209541917,0.220254739,0.012973341,139
7,49.40204024,0.106196223,1.712298473,0.026456505,relu,30,1.00E-05,1,sgd,256,"{'activation': 'relu', 'epochs': 30, 'lr': 1e-05, 'num_layers': 1, 'optimizer_name': 'sgd', 'units': 256}",0.2318542,0.229513392,0.217625618,0.22633107,0.00622942,131
8,47.42578657,0.717320999,2.429462115,0.433814564,relu,30,1.00E-05,2,adam,32,"{'activation': 'relu', 'epochs': 30, 'lr': 1e-05, 'num_layers': 2, 'optimizer_name': 'adam', 'units': 32}",0.60729003,0.64162308,0.612933934,0.620615681,0.01503211,95
9,50.42462023,0.910898047,2.474373102,0.381085708,relu,30,1.00E-05,2,adam,64,"{'activation': 'relu', 'epochs': 30, 'lr': 1e-05, 'num_layers': 2, 'optimizer_name': 'adam', 'units': 64}",0.703169584,0.700427949,0.701061964,0.701553166,0.001171921,82
10,67.40839521,12.37125844,2.307936033,0.310383427,relu,30,1.00E-05,2,adam,128,"{'activation': 'relu', 'epochs': 30, 'lr': 1e-05, 'num_layers': 2, 'optimizer_name': 'adam', 'units': 128}",0.728050709,0.736408293,0.726581097,0.7303467,0.004327981,64
11,66.52399135,0.069967224,1.62533768,0.188361759,relu,30,1.00E-05,2,adam,256,"{'activation': 'relu', 'epochs': 30, 'lr': 1e-05, 'num_layers': 2, 'optimizer_name': 'adam', 'units': 256}",0.759429455,0.760976374,0.752734184,0.757713338,0.003576984,50
12,56.8936948,1.541880408,1.479736328,0.174918054,relu,30,1.00E-05,2,sgd,32,"{'activation': 'relu', 'epochs': 30, 'lr': 1e-05, 'num_layers': 2, 'optimizer_name': 'sgd', 'units': 32}",0.099524565,0.173720077,0.206054837,0.159766493,0.044595976,143
13,54.30197167,0.31244954,1.906836907,0.296605222,relu,30,1.00E-05,2,sgd,64,"{'activation': 'relu', 'epochs': 30, 'lr': 1e-05, 'num_layers': 2, 'optimizer_name': 'sgd', 'units': 64}",0.206814587,0.236170545,0.223965764,0.222316965,0.012041096,137
26,48.33670751,0.391377072,1.619524638,0.119199999,relu,30,0.0001,1,adam,128,"{'activation': 'relu', 'epochs': 30, 'lr': 0.0001, 'num_layers': 1, 'optimizer_name': 'adam', 'units': 128}",0.800000012,0.802504361,0.795371711,0.799292028,0.002954613,35
15,59.9311897,0.743804346,1.793270032,0.187885189,relu,30,1.00E-05,2,sgd,256,"{'activation': 'relu', 'epochs': 30, 'lr': 1e-05, 'num_layers': 2, 'optimizer_name': 'sgd', 'units': 256}",0.225673541,0.226026312,0.22856237,0.226754074,0.001286743,129
16,51.05848026,0.13805887,1.342820326,0.174645369,relu,30,1.00E-05,3,adam,32,"{'activation': 'relu', 'epochs': 30, 'lr': 1e-05, 'num_layers': 3, 'optimizer_name': 'adam', 'units': 32}",0.595087171,0.645744205,0.594388962,0.611740112,0.024046214,96
17,50.91460808,0.297070517,1.788606882,0.253940037,relu,30,1.00E-05,3,adam,64,"{'activation': 'relu', 'epochs': 30, 'lr': 1e-05, 'num_layers': 3, 'optimizer_name': 'adam', 'units': 64}",0.702218711,0.695038855,0.702013016,0.699756861,0.003337191,83
18,59.60865935,0.569862091,2.039644559,0.20106255,relu,30,1.00E-05,3,adam,128,"{'activation': 'relu', 'epochs': 30, 'lr': 1e-05, 'num_layers': 3, 'optimizer_name': 'adam', 'units': 128}",0.741521418,0.737834811,0.73212868,0.737161636,0.003864001,57
19,71.4952503,0.475955067,1.735701958,0.236570236,relu,30,1.00E-05,3,adam,256,"{'activation': 'relu', 'epochs': 30, 'lr': 1e-05, 'num_layers': 3, 'optimizer_name': 'adam', 'units': 256}",0.771949291,0.770962119,0.763036907,0.768649439,0.00398907,47
20,62.51314712,15.92324255,1.68367823,0.216157355,relu,30,1.00E-05,3,sgd,32,"{'activation': 'relu', 'epochs': 30, 'lr': 1e-05, 'num_layers': 3, 'optimizer_name': 'sgd', 'units': 32}",0.112202853,0.094309717,0.132984623,0.113165731,0.015803638,144
21,49.07455166,1.818881439,2.044550816,0.142549165,relu,30,1.00E-05,3,sgd,64,"{'activation': 'relu', 'epochs': 30, 'lr': 1e-05, 'num_layers': 3, 'optimizer_name': 'sgd', 'units': 64}",0.214580029,0.223490253,0.226501822,0.221524035,0.005061739,138
22,52.64096737,0.327119975,1.804420074,0.261795926,relu,30,1.00E-05,3,sgd,128,"{'activation': 'relu', 'epochs': 30, 'lr': 1e-05, 'num_layers': 3, 'optimizer_name': 'sgd', 'units': 128}",0.221553087,0.129180536,0.201933742,0.184222455,0.039736124,141
23,72.74880958,8.863194707,1.772664865,0.269656588,relu,30,1.00E-05,3,sgd,256,"{'activation': 'relu', 'epochs': 30, 'lr': 1e-05, 'num_layers': 3, 'optimizer_name': 'sgd', 'units': 256}",0.226782888,0.226660326,0.226501822,0.226648346,0.000115057,130
24,52.98726471,2.160406819,1.327695131,0.28569392,relu,30,0.0001,1,adam,32,"{'activation': 'relu', 'epochs': 30, 'lr': 0.0001, 'num_layers': 1, 'optimizer_name': 'adam', 'units': 32}",0.7681458,0.763353944,0.758598804,0.763366183,0.003897554,48
25,49.0658191,1.864955289,1.455778599,0.185164645,relu,30,0.0001,1,adam,64,"{'activation': 'relu', 'epochs': 30, 'lr': 0.0001, 'num_layers': 1, 'optimizer_name': 'adam', 'units': 64}",0.776703656,0.780472338,0.773339689,0.776838561,0.002913454,42
34,67.45303257,11.91169058,1.892864307,0.389572022,relu,30,0.0001,2,adam,128,"{'activation': 'relu', 'epochs': 30, 'lr': 0.0001, 'num_layers': 2, 'optimizer_name': 'adam', 'units': 128}",0.823137879,0.837058187,0.833095551,0.831097205,0.005855981,20
27,50.74746728,0.093098899,1.118300041,0.188980094,relu,30,0.0001,1,adam,256,"{'activation': 'relu', 'epochs': 30, 'lr': 0.0001, 'num_layers': 1, 'optimizer_name': 'adam', 'units': 256}",0.810618043,0.819781244,0.82136631,0.817255199,0.004737579,26
28,44.00385221,1.313093422,1.259577354,0.221848774,relu,30,0.0001,1,sgd,32,"{'activation': 'relu', 'epochs': 30, 'lr': 0.0001, 'num_layers': 1, 'optimizer_name': 'sgd', 'units': 32}",0.434865296,0.42542401,0.366460621,0.408916642,0.030267361,111
29,40.93665338,1.269299854,1.277543942,0.114995648,relu,30,0.0001,1,sgd,64,"{'activation': 'relu', 'epochs': 30, 'lr': 0.0001, 'num_layers': 1, 'optimizer_name': 'sgd', 'units': 64}",0.437083989,0.440957367,0.441115856,0.439719071,0.001864407,106
30,42.90800301,0.92395672,1.114822308,0.088942567,relu,30,0.0001,1,sgd,128,"{'activation': 'relu', 'epochs': 30, 'lr': 0.0001, 'num_layers': 1, 'optimizer_name': 'sgd', 'units': 128}",0.441838354,0.455539703,0.437787294,0.445055117,0.00759595,105
31,58.01698915,17.95056617,1.553008795,0.186933252,relu,30,0.0001,1,sgd,256,"{'activation': 'relu', 'epochs': 30, 'lr': 0.0001, 'num_layers': 1, 'optimizer_name': 'sgd', 'units': 256}",0.474326462,0.495641142,0.464098901,0.478022168,0.013139557,100
32,45.43857972,1.802516353,1.335702658,0.126262494,relu,30,0.0001,2,adam,32,"{'activation': 'relu', 'epochs': 30, 'lr': 0.0001, 'num_layers': 2, 'optimizer_name': 'adam', 'units': 32}",0.772424698,0.776985288,0.760025382,0.769811789,0.007166127,46
33,47.76994809,3.527701522,1.626639287,0.207792173,relu,30,0.0001,2,adam,64,"{'activation': 'relu', 'epochs': 30, 'lr': 0.0001, 'num_layers': 2, 'optimizer_name': 'adam', 'units': 64}",0.794770181,0.804247916,0.788873017,0.795963705,0.006333259,37
58,55.73357821,0.536184958,4.417308728,1.53732866,relu,30,0.001,2,adam,128,"{'activation': 'relu', 'epochs': 30, 'lr': 0.001, 'num_layers': 2, 'optimizer_name': 'adam', 'units': 128}",0.863708377,0.842130303,0.850055456,0.851964712,0.008912061,9
35,68.04404569,1.159329264,1.532327016,0.269844986,relu,30,0.0001,2,adam,256,"{'activation': 'relu', 'epochs': 30, 'lr': 0.0001, 'num_layers': 2, 'optimizer_name': 'adam', 'units': 256}",0.849603832,0.845458865,0.848153412,0.847738703,0.001717396,12
36,53.5961709,1.200223154,1.762561719,0.287392612,relu,30,0.0001,2,sgd,32,"{'activation': 'relu', 'epochs': 30, 'lr': 0.0001, 'num_layers': 2, 'optimizer_name': 'sgd', 'units': 32}",0.322028518,0.315580904,0.37834838,0.338652601,0.028192305,117
37,52.22560398,0.549930586,1.628451665,0.114719776,relu,30,0.0001,2,sgd,64,"{'activation': 'relu', 'epochs': 30, 'lr': 0.0001, 'num_layers': 2, 'optimizer_name': 'sgd', 'units': 64}",0.34992075,0.40656206,0.36899668,0.37515983,0.0235308,116
14,65.19002199,13.38522239,1.779557705,0.157602891,relu,30,1.00E-05,2,sgd,128,"{'activation': 'relu', 'epochs': 30, 'lr': 1e-05, 'num_layers': 2, 'optimizer_name': 'sgd', 'units': 128}",0.250554681,0.243620232,0.17387858,0.222684498,0.034626915,136
39,60.48475981,0.387900362,1.786771139,0.395264408,relu,30,0.0001,2,sgd,256,"{'activation': 'relu', 'epochs': 30, 'lr': 0.0001, 'num_layers': 2, 'optimizer_name': 'sgd', 'units': 256}",0.465610147,0.459660798,0.448248535,0.457839827,0.007203857,103
40,54.360116,0.269692401,1.322929223,0.14075081,relu,30,0.0001,3,adam,32,"{'activation': 'relu', 'epochs': 30, 'lr': 0.0001, 'num_layers': 3, 'optimizer_name': 'adam', 'units': 32}",0.774484932,0.773022652,0.765097499,0.770868361,0.004124052,45
41,55.52509538,0.710674844,1.810936292,0.578220244,relu,30,0.0001,3,adam,64,"{'activation': 'relu', 'epochs': 30, 'lr': 0.0001, 'num_layers': 3, 'optimizer_name': 'adam', 'units': 64}",0.810142636,0.805991411,0.796798229,0.804310759,0.005575945,31
42,64.51142399,1.394760346,2.80937473,0.61740521,relu,30,0.0001,3,adam,128,"{'activation': 'relu', 'epochs': 30, 'lr': 0.0001, 'num_layers': 3, 'optimizer_name': 'adam', 'units': 128}",0.830269396,0.850530982,0.830242515,0.837014298,0.009557745,17
43,77.63539759,0.440503509,1.874407291,0.315533093,relu,30,0.0001,3,adam,256,"{'activation': 'relu', 'epochs': 30, 'lr': 0.0001, 'num_layers': 3, 'optimizer_name': 'adam', 'units': 256}",0.864025354,0.864479303,0.855920136,0.861474931,0.003932203,4
44,68.85434087,12.13598098,2.089949608,0.956540058,relu,30,0.0001,3,sgd,32,"{'activation': 'relu', 'epochs': 30, 'lr': 0.0001, 'num_layers': 3, 'optimizer_name': 'sgd', 'units': 32}",0.324881136,0.229354888,0.294499934,0.282911986,0.039849939,119
45,47.98312267,2.125504996,1.555617332,0.04086522,relu,30,0.0001,3,sgd,64,"{'activation': 'relu', 'epochs': 30, 'lr': 0.0001, 'num_layers': 3, 'optimizer_name': 'sgd', 'units': 64}",0.260538816,0.230464414,0.349342197,0.280115142,0.050467192,120
46,58.85580897,17.65268934,1.205921094,0.057260166,relu,30,0.0001,3,sgd,128,"{'activation': 'relu', 'epochs': 30, 'lr': 0.0001, 'num_layers': 3, 'optimizer_name': 'sgd', 'units': 128}",0.357527733,0.36424157,0.281502604,0.334423969,0.037521301,118
47,57.25581106,1.230150087,1.368102948,0.187274479,relu,30,0.0001,3,sgd,256,"{'activation': 'relu', 'epochs': 30, 'lr': 0.0001, 'num_layers': 3, 'optimizer_name': 'sgd', 'units': 256}",0.410301119,0.402757972,0.406720549,0.406593213,0.003080793,112
48,38.18838143,0.086010001,1.132300774,0.003804421,relu,30,0.001,1,adam,32,"{'activation': 'relu', 'epochs': 30, 'lr': 0.001, 'num_layers': 1, 'optimizer_name': 'adam', 'units': 32}",0.79619652,0.802345872,0.778728783,0.792423725,0.010003906,38
56,62.11130563,15.68872517,1.93607537,0.449825252,relu,30,0.001,2,adam,32,"{'activation': 'relu', 'epochs': 30, 'lr': 0.001, 'num_layers': 2, 'optimizer_name': 'adam', 'units': 32}",0.807606995,0.811063588,0.802662849,0.807111144,0.003447463,30
64,51.63200712,2.070424585,1.617772818,0.310149924,relu,30,0.001,3,adam,32,"{'activation': 'relu', 'epochs': 30, 'lr': 0.001, 'num_layers': 3, 'optimizer_name': 'adam', 'units': 32}",0.80427891,0.824219346,0.81312412,0.813874125,0.008157905,29
49,45.16349196,2.369572494,1.668047984,0.184928145,relu,30,0.001,1,adam,64,"{'activation': 'relu', 'epochs': 30, 'lr': 0.001, 'num_layers': 1, 'optimizer_name': 'adam', 'units': 64}",0.825356603,0.834205091,0.812807083,0.824122926,0.008779148,24
52,40.44583726,3.086742169,1.397345066,0.095898391,relu,30,0.001,1,sgd,32,"{'activation': 'relu', 'epochs': 30, 'lr': 0.001, 'num_layers': 1, 'optimizer_name': 'sgd', 'units': 32}",0.696671963,0.696623862,0.699001431,0.697432419,0.001109633,84
53,38.85720396,0.345050081,1.245033344,0.089022976,relu,30,0.001,1,sgd,64,"{'activation': 'relu', 'epochs': 30, 'lr': 0.001, 'num_layers': 1, 'optimizer_name': 'sgd', 'units': 64}",0.698732197,0.710730731,0.703598022,0.70435365,0.004927436,79
54,43.16327397,2.018621929,1.852625211,0.208204584,relu,30,0.001,1,sgd,128,"{'activation': 'relu', 'epochs': 30, 'lr': 0.001, 'num_layers': 1, 'optimizer_name': 'sgd', 'units': 128}",0.712044358,0.722301483,0.712474227,0.715606689,0.004737186,72
55,49.64487473,0.150493215,2.753367583,1.375170631,relu,30,0.001,1,sgd,256,"{'activation': 'relu', 'epochs': 30, 'lr': 0.001, 'num_layers': 1, 'optimizer_name': 'sgd', 'units': 256}",0.715055466,0.723728001,0.721033454,0.719938974,0.003624144,69
50,50.35124,0.165067392,1.390849431,0.131649713,relu,30,0.001,1,adam,128,"{'activation': 'relu', 'epochs': 30, 'lr': 0.001, 'num_layers': 1, 'optimizer_name': 'adam', 'units': 128}",0.808082402,0.849896967,0.850372493,0.836117287,0.019824608,18
57,48.96977472,1.803113801,1.654462894,0.262013543,relu,30,0.001,2,adam,64,"{'activation': 'relu', 'epochs': 30, 'lr': 0.001, 'num_layers': 2, 'optimizer_name': 'adam', 'units': 64}",0.844215512,0.83896023,0.840386748,0.841187497,0.002218918,16
51,52.10608689,0.96297764,1.261181672,0.10261873,relu,30,0.001,1,adam,256,"{'activation': 'relu', 'epochs': 30, 'lr': 0.001, 'num_layers': 1, 'optimizer_name': 'adam', 'units': 256}",0.840570509,0.841971815,0.853225529,0.845255951,0.005664306,15
65,56.29543694,3.135209211,2.074189107,0.321282943,relu,30,0.001,3,adam,64,"{'activation': 'relu', 'epochs': 30, 'lr': 0.001, 'num_layers': 3, 'optimizer_name': 'adam', 'units': 64}",0.844849467,0.856554151,0.852274537,0.851226052,0.00483559,10
60,47.07414579,3.077925134,1.180558284,0.094636896,relu,30,0.001,2,sgd,32,"{'activation': 'relu', 'epochs': 30, 'lr': 0.001, 'num_layers': 2, 'optimizer_name': 'sgd', 'units': 32}",0.657369256,0.69091773,0.669678211,0.672655066,0.013856918,88
61,42.1776967,1.306969937,1.408738375,0.16148347,relu,30,0.001,2,sgd,64,"{'activation': 'relu', 'epochs': 30, 'lr': 0.001, 'num_layers': 2, 'optimizer_name': 'sgd', 'units': 64}",0.699366093,0.711364746,0.69567287,0.702134569,0.006698612,81
38,53.02613854,0.199004389,1.694358428,0.591425646,relu,30,0.0001,2,sgd,128,"{'activation': 'relu', 'epochs': 30, 'lr': 0.0001, 'num_layers': 2, 'optimizer_name': 'sgd', 'units': 128}",0.371156901,0.436677754,0.427009046,0.411614567,0.02887892,109
63,56.01218128,0.971493138,1.428229729,0.230608492,relu,30,0.001,2,sgd,256,"{'activation': 'relu', 'epochs': 30, 'lr': 0.001, 'num_layers': 2, 'optimizer_name': 'sgd', 'units': 256}",0.729318559,0.728007615,0.725154519,0.727493564,0.001738389,65
62,42.68154494,0.16839562,3.067654769,1.267266955,relu,30,0.001,2,sgd,128,"{'activation': 'relu', 'epochs': 30, 'lr': 0.001, 'num_layers': 2, 'optimizer_name': 'sgd', 'units': 128}",0.71854198,0.732604206,0.717229366,0.722791851,0.006959046,67
66,62.89436277,0.631252655,1.886163314,0.128180786,relu,30,0.001,3,adam,128,"{'activation': 'relu', 'epochs': 30, 'lr': 0.001, 'num_layers': 3, 'optimizer_name': 'adam', 'units': 128}",0.846117258,0.851164997,0.863052785,0.853445013,0.007099384,8
59,63.5181574,1.213241962,1.386507273,0.276869978,relu,30,0.001,2,adam,256,"{'activation': 'relu', 'epochs': 30, 'lr': 0.001, 'num_layers': 2, 'optimizer_name': 'adam', 'units': 256}",0.883042812,0.862101734,0.858773172,0.867972573,0.010742561,2
67,73.6112837,2.03685945,1.642644644,0.454636072,relu,30,0.001,3,adam,256,"{'activation': 'relu', 'epochs': 30, 'lr': 0.001, 'num_layers': 3, 'optimizer_name': 'adam', 'units': 256}",0.884786069,0.877952158,0.880805194,0.881181141,0.002802569,1
68,50.70239345,4.224155836,1.674930573,0.493232206,relu,30,0.001,3,sgd,32,"{'activation': 'relu', 'epochs': 30, 'lr': 0.001, 'num_layers': 3, 'optimizer_name': 'sgd', 'units': 32}",0.667036474,0.693612278,0.634648919,0.665099223,0.024110635,90
69,46.47585638,0.40992416,1.466439009,0.167172126,relu,30,0.001,3,sgd,64,"{'activation': 'relu', 'epochs': 30, 'lr': 0.001, 'num_layers': 3, 'optimizer_name': 'sgd', 'units': 64}",0.710934997,0.691551745,0.710572183,0.704352975,0.009053048,80
70,47.6241262,0.063400882,1.535099506,0.216791748,relu,30,0.001,3,sgd,128,"{'activation': 'relu', 'epochs': 30, 'lr': 0.001, 'num_layers': 3, 'optimizer_name': 'sgd', 'units': 128}",0.718383491,0.722459972,0.712949753,0.717931072,0.003895688,71
71,70.16585946,9.714201896,1.367539008,0.245569585,relu,30,0.001,3,sgd,256,"{'activation': 'relu', 'epochs': 30, 'lr': 0.001, 'num_layers': 3, 'optimizer_name': 'sgd', 'units': 256}",0.732963562,0.742272973,0.727532089,0.734256208,0.00608696,60
72,44.15799928,2.469680578,1.407036066,0.189606245,tanh,30,1.00E-05,1,adam,32,"{'activation': 'tanh', 'epochs': 30, 'lr': 1e-05, 'num_layers': 1, 'optimizer_name': 'adam', 'units': 32}",0.643740118,0.647012234,0.657948971,0.649567107,0.006075547,93
73,44.05698021,1.536566221,1.945372661,0.300872675,tanh,30,1.00E-05,1,adam,64,"{'activation': 'tanh', 'epochs': 30, 'lr': 1e-05, 'num_layers': 1, 'optimizer_name': 'adam', 'units': 64}",0.706022203,0.707877636,0.702329993,0.705409944,0.002305823,77
74,50.3277936,0.677769848,1.27603817,0.092947908,tanh,30,1.00E-05,1,adam,128,"{'activation': 'tanh', 'epochs': 30, 'lr': 1e-05, 'num_layers': 1, 'optimizer_name': 'adam', 'units': 128}",0.724881113,0.734981775,0.720240951,0.726701279,0.006154009,66
75,54.04510705,0.713859721,1.093201399,0.09978978,tanh,30,1.00E-05,1,adam,256,"{'activation': 'tanh', 'epochs': 30, 'lr': 1e-05, 'num_layers': 1, 'optimizer_name': 'adam', 'units': 256}",0.738351822,0.743382454,0.738310337,0.740014871,0.002381301,56
76,41.71113857,3.531838368,1.470763365,0.276661047,tanh,30,1.00E-05,1,sgd,32,"{'activation': 'tanh', 'epochs': 30, 'lr': 1e-05, 'num_layers': 1, 'optimizer_name': 'sgd', 'units': 32}",0.228684634,0.22032018,0.220954195,0.22331967,0.003802423,134
77,39.67248265,2.114562229,1.420190652,0.087981011,tanh,30,1.00E-05,1,sgd,64,"{'activation': 'tanh', 'epochs': 30, 'lr': 1e-05, 'num_layers': 1, 'optimizer_name': 'sgd', 'units': 64}",0.233755946,0.220003173,0.214931056,0.222896725,0.007952928,135
78,40.27049057,0.364224613,1.385377725,0.047618557,tanh,30,1.00E-05,1,sgd,128,"{'activation': 'tanh', 'epochs': 30, 'lr': 1e-05, 'num_layers': 1, 'optimizer_name': 'sgd', 'units': 128}",0.237876385,0.221746713,0.226184815,0.228602638,0.006803234,128
79,47.7063779,0.918804473,1.644908905,0.146321877,tanh,30,1.00E-05,1,sgd,256,"{'activation': 'tanh', 'epochs': 30, 'lr': 1e-05, 'num_layers': 1, 'optimizer_name': 'sgd', 'units': 256}",0.230269417,0.229671896,0.249801874,0.236581062,0.009351708,125
80,47.91582902,0.406477928,1.364314318,0.113365645,tanh,30,1.00E-05,2,adam,32,"{'activation': 'tanh', 'epochs': 30, 'lr': 1e-05, 'num_layers': 2, 'optimizer_name': 'adam', 'units': 32}",0.674326479,0.647804737,0.655254424,0.659128547,0.011168626,91
81,50.51144322,2.207483877,1.893194596,0.398616695,tanh,30,1.00E-05,2,adam,64,"{'activation': 'tanh', 'epochs': 30, 'lr': 1e-05, 'num_layers': 2, 'optimizer_name': 'adam', 'units': 64}",0.707606971,0.719606936,0.709938169,0.712384025,0.005195283,75
82,56.94882933,0.333152909,1.721080701,0.199951811,tanh,30,1.00E-05,2,adam,128,"{'activation': 'tanh', 'epochs': 30, 'lr': 1e-05, 'num_layers': 2, 'optimizer_name': 'adam', 'units': 128}",0.738193333,0.73672533,0.732604206,0.735840956,0.002365893,59
83,66.02468212,0.0909798,1.297597011,0.02560083,tanh,30,1.00E-05,2,adam,256,"{'activation': 'tanh', 'epochs': 30, 'lr': 1e-05, 'num_layers': 2, 'optimizer_name': 'adam', 'units': 256}",0.754833579,0.757647812,0.744650483,0.752377292,0.005583168,52
84,47.60348566,4.17248691,1.450648308,0.100555283,tanh,30,1.00E-05,2,sgd,32,"{'activation': 'tanh', 'epochs': 30, 'lr': 1e-05, 'num_layers': 2, 'optimizer_name': 'sgd', 'units': 32}",0.221553087,0.217625618,0.207481369,0.215553358,0.005928688,140
85,43.08283226,0.582032966,1.571595351,0.334975352,tanh,30,1.00E-05,2,sgd,64,"{'activation': 'tanh', 'epochs': 30, 'lr': 1e-05, 'num_layers': 2, 'optimizer_name': 'sgd', 'units': 64}",0.229635492,0.24029164,0.242827713,0.237584949,0.005715669,124
86,58.51837818,17.91450548,1.584413449,0.438123246,tanh,30,1.00E-05,2,sgd,128,"{'activation': 'tanh', 'epochs': 30, 'lr': 1e-05, 'num_layers': 2, 'optimizer_name': 'sgd', 'units': 128}",0.234706819,0.232366458,0.23030591,0.232459729,0.001797874,126
87,55.56596708,0.272944339,1.403650602,0.046219521,tanh,30,1.00E-05,2,sgd,256,"{'activation': 'tanh', 'epochs': 30, 'lr': 1e-05, 'num_layers': 2, 'optimizer_name': 'sgd', 'units': 256}",0.257686198,0.279283553,0.22380726,0.253592337,0.022832353,121
88,45.60880033,0.907579737,1.808415333,0.480478408,tanh,30,1.00E-05,3,adam,32,"{'activation': 'tanh', 'epochs': 30, 'lr': 1e-05, 'num_layers': 3, 'optimizer_name': 'adam', 'units': 32}",0.64342314,0.670312226,0.638453007,0.650729458,0.013994979,92
89,53.53434237,4.995408493,2.29634889,0.199612411,tanh,30,1.00E-05,3,adam,64,"{'activation': 'tanh', 'epochs': 30, 'lr': 1e-05, 'num_layers': 3, 'optimizer_name': 'adam', 'units': 64}",0.721553087,0.721984446,0.715327322,0.719621619,0.003041628,70
90,62.69950978,0.902016726,1.78190136,0.104683972,tanh,30,1.00E-05,3,adam,128,"{'activation': 'tanh', 'epochs': 30, 'lr': 1e-05, 'num_layers': 3, 'optimizer_name': 'adam', 'units': 128}",0.750079215,0.753843725,0.744650483,0.749524474,0.003773568,53
91,77.4567101,1.209423238,1.41098094,0.273697741,tanh,30,1.00E-05,3,adam,256,"{'activation': 'tanh', 'epochs': 30, 'lr': 1e-05, 'num_layers': 3, 'optimizer_name': 'adam', 'units': 256}",0.763074458,0.769377053,0.754794717,0.762415409,0.005971426,49
92,48.08008671,2.813887091,1.368377924,0.168463674,tanh,30,1.00E-05,3,sgd,32,"{'activation': 'tanh', 'epochs': 30, 'lr': 1e-05, 'num_layers': 3, 'optimizer_name': 'sgd', 'units': 32}",0.145958796,0.231256932,0.170232996,0.182482908,0.035883963,142
93,45.38796369,0.223197717,1.784945647,0.245706565,tanh,30,1.00E-05,3,sgd,64,"{'activation': 'tanh', 'epochs': 30, 'lr': 1e-05, 'num_layers': 3, 'optimizer_name': 'sgd', 'units': 64}",0.221394613,0.220954195,0.235219523,0.22585611,0.006623374,132
94,50.47650433,0.225689146,1.681495984,0.250352141,tanh,30,1.00E-05,3,sgd,128,"{'activation': 'tanh', 'epochs': 30, 'lr': 1e-05, 'num_layers': 3, 'optimizer_name': 'sgd', 'units': 128}",0.259429485,0.233158976,0.247424319,0.246670927,0.010738113,123
95,69.58893641,0.031369623,1.774060329,0.04729933,tanh,30,1.00E-05,3,sgd,256,"{'activation': 'tanh', 'epochs': 30, 'lr': 1e-05, 'num_layers': 3, 'optimizer_name': 'sgd', 'units': 256}",0.274960369,0.234902516,0.239182115,0.249681666,0.017959925,122
96,52.59554156,1.821227062,1.937064409,0.200982191,tanh,30,0.0001,1,adam,32,"{'activation': 'tanh', 'epochs': 30, 'lr': 0.0001, 'num_layers': 1, 'optimizer_name': 'adam', 'units': 32}",0.757052302,0.757647812,0.748296082,0.754332066,0.004275003,51
97,62.34787599,15.60161255,1.325815598,0.089377258,tanh,30,0.0001,1,adam,64,"{'activation': 'tanh', 'epochs': 30, 'lr': 0.0001, 'num_layers': 1, 'optimizer_name': 'adam', 'units': 64}",0.766244054,0.778887331,0.774766207,0.773299197,0.005264802,44
98,51.72697186,0.412543584,1.217687607,0.090701805,tanh,30,0.0001,1,adam,128,"{'activation': 'tanh', 'epochs': 30, 'lr': 0.0001, 'num_layers': 1, 'optimizer_name': 'adam', 'units': 128}",0.785895407,0.791567624,0.781581879,0.786348303,0.004089223,40
99,52.68228078,0.975527186,1.053527514,0.159306348,tanh,30,0.0001,1,adam,256,"{'activation': 'tanh', 'epochs': 30, 'lr': 0.0001, 'num_layers': 1, 'optimizer_name': 'adam', 'units': 256}",0.796038032,0.804564893,0.799968302,0.800190409,0.003484618,34
100,39.33995779,4.336778408,1.15792497,0.057629744,tanh,30,0.0001,1,sgd,32,"{'activation': 'tanh', 'epochs': 30, 'lr': 0.0001, 'num_layers': 1, 'optimizer_name': 'sgd', 'units': 32}",0.406656116,0.409890622,0.417974323,0.41150702,0.004759903,110
101,37.45388842,0.373050358,1.565737645,0.14645119,tanh,30,0.0001,1,sgd,64,"{'activation': 'tanh', 'epochs': 30, 'lr': 0.0001, 'num_layers': 1, 'optimizer_name': 'sgd', 'units': 64}",0.446117282,0.460770339,0.408622593,0.438503404,0.021959435,107
102,40.88725201,0.722307744,1.249770323,0.091824406,tanh,30,0.0001,1,sgd,128,"{'activation': 'tanh', 'epochs': 30, 'lr': 0.0001, 'num_layers': 1, 'optimizer_name': 'sgd', 'units': 128}",0.470047534,0.473133624,0.439213812,0.460798323,0.015314466,102
103,46.39354634,0.420313306,1.659289598,0.115684373,tanh,30,0.0001,1,sgd,256,"{'activation': 'tanh', 'epochs': 30, 'lr': 0.0001, 'num_layers': 1, 'optimizer_name': 'sgd', 'units': 256}",0.496354997,0.517673194,0.476937711,0.496988634,0.016636226,98
104,45.37266421,0.259224808,1.523473104,0.151458668,tanh,30,0.0001,2,adam,32,"{'activation': 'tanh', 'epochs': 30, 'lr': 0.0001, 'num_layers': 2, 'optimizer_name': 'adam', 'units': 32}",0.78019017,0.776351273,0.765255988,0.773932477,0.006332213,43
105,48.54934367,1.823678949,1.821955681,0.269672697,tanh,30,0.0001,2,adam,64,"{'activation': 'tanh', 'epochs': 30, 'lr': 0.0001, 'num_layers': 2, 'optimizer_name': 'adam', 'units': 64}",0.788431048,0.795213163,0.78728801,0.79031074,0.003497803,39
106,53.1172332,0.131770524,1.636227131,0.141882117,tanh,30,0.0001,2,adam,128,"{'activation': 'tanh', 'epochs': 30, 'lr': 0.0001, 'num_layers': 2, 'optimizer_name': 'adam', 'units': 128}",0.815372407,0.824060857,0.803613901,0.814349055,0.008378741,28
107,63.545808,0.709088717,1.198319435,0.131482954,tanh,30,0.0001,2,adam,256,"{'activation': 'tanh', 'epochs': 30, 'lr': 0.0001, 'num_layers': 2, 'optimizer_name': 'adam', 'units': 256}",0.828050733,0.829925478,0.824060857,0.827345689,0.002445575,22
108,44.30084984,1.894843571,1.451027711,0.202411559,tanh,30,0.0001,2,sgd,32,"{'activation': 'tanh', 'epochs': 30, 'lr': 0.0001, 'num_layers': 2, 'optimizer_name': 'sgd', 'units': 32}",0.389857382,0.399270892,0.384054512,0.391060929,0.006270085,115
109,44.61026653,0.948077544,1.687330723,0.190400192,tanh,30,0.0001,2,sgd,64,"{'activation': 'tanh', 'epochs': 30, 'lr': 0.0001, 'num_layers': 2, 'optimizer_name': 'sgd', 'units': 64}",0.412361324,0.409890622,0.367094636,0.396448861,0.020781065,113
110,48.78190104,0.395227065,1.570348978,0.036003543,tanh,30,0.0001,2,sgd,128,"{'activation': 'tanh', 'epochs': 30, 'lr': 0.0001, 'num_layers': 2, 'optimizer_name': 'sgd', 'units': 128}",0.464817762,0.448565543,0.43128863,0.448223978,0.013690342,104
111,59.95916065,0.414988973,1.726792653,0.165650279,tanh,30,0.0001,2,sgd,256,"{'activation': 'tanh', 'epochs': 30, 'lr': 0.0001, 'num_layers': 2, 'optimizer_name': 'sgd', 'units': 256}",0.492868453,0.498652726,0.478522748,0.490014642,0.008462158,99
112,53.05573726,0.076185225,1.676055193,0.136574248,tanh,30,0.0001,3,adam,32,"{'activation': 'tanh', 'epochs': 30, 'lr': 0.0001, 'num_layers': 3, 'optimizer_name': 'adam', 'units': 32}",0.779397786,0.781898856,0.771437645,0.777578096,0.004460395,41
113,56.34441161,2.517559245,2.08083264,0.521712515,tanh,30,0.0001,3,adam,64,"{'activation': 'tanh', 'epochs': 30, 'lr': 0.0001, 'num_layers': 3, 'optimizer_name': 'adam', 'units': 64}",0.805863738,0.805991411,0.794737697,0.802197615,0.005275217,33
114,61.96609036,0.06091119,1.580731869,0.190645694,tanh,30,0.0001,3,adam,128,"{'activation': 'tanh', 'epochs': 30, 'lr': 0.0001, 'num_layers': 3, 'optimizer_name': 'adam', 'units': 128}",0.822345495,0.822000325,0.818196237,0.820847352,0.00187991,25
115,73.12692785,0.810026458,1.792736212,0.158955981,tanh,30,0.0001,3,adam,256,"{'activation': 'tanh', 'epochs': 30, 'lr': 0.0001, 'num_layers': 3, 'optimizer_name': 'adam', 'units': 256}",0.8511886,0.8413378,0.843556821,0.845361074,0.004219088,14
116,47.41530172,4.122434326,1.349239031,0.317001948,tanh,30,0.0001,3,sgd,32,"{'activation': 'tanh', 'epochs': 30, 'lr': 0.0001, 'num_layers': 3, 'optimizer_name': 'sgd', 'units': 32}",0.431695729,0.370264709,0.387383103,0.396447847,0.025885257,114
117,45.00605838,1.617295921,1.87611262,0.292577977,tanh,30,0.0001,3,sgd,64,"{'activation': 'tanh', 'epochs': 30, 'lr': 0.0001, 'num_layers': 3, 'optimizer_name': 'sgd', 'units': 64}",0.426941365,0.409256607,0.398795366,0.411664446,0.011616011,108
118,50.97115374,0.074269253,1.504741987,0.133407673,tanh,30,0.0001,3,sgd,128,"{'activation': 'tanh', 'epochs': 30, 'lr': 0.0001, 'num_layers': 3, 'optimizer_name': 'sgd', 'units': 128}",0.470998406,0.455856711,0.461087346,0.462647488,0.006279239,101
119,67.05410862,0.161054959,1.510655642,0.26712942,tanh,30,0.0001,3,sgd,256,"{'activation': 'tanh', 'epochs': 30, 'lr': 0.0001, 'num_layers': 3, 'optimizer_name': 'sgd', 'units': 256}",0.536133111,0.533206522,0.535267055,0.534868896,0.001227498,97
120,46.95397393,2.383512907,1.462001324,0.048396647,tanh,30,0.001,1,adam,32,"{'activation': 'tanh', 'epochs': 30, 'lr': 0.001, 'num_layers': 1, 'optimizer_name': 'adam', 'units': 32}",0.800475419,0.797273755,0.792835653,0.796861609,0.003132507,36
121,45.97835024,0.487997454,1.310153008,0.112523896,tanh,30,0.001,1,adam,64,"{'activation': 'tanh', 'epochs': 30, 'lr': 0.001, 'num_layers': 1, 'optimizer_name': 'adam', 'units': 64}",0.831854224,0.832937062,0.812807083,0.825866123,0.009244711,23
122,47.87885022,0.397800291,1.273518006,0.142302094,tanh,30,0.001,1,adam,128,"{'activation': 'tanh', 'epochs': 30, 'lr': 0.001, 'num_layers': 1, 'optimizer_name': 'adam', 'units': 128}",0.846909642,0.854493558,0.840545237,0.847316146,0.005701628,13
123,48.77120376,1.644451327,1.053556442,0.138976196,tanh,30,0.001,1,adam,256,"{'activation': 'tanh', 'epochs': 30, 'lr': 0.001, 'num_layers': 1, 'optimizer_name': 'adam', 'units': 256}",0.84992075,0.851164997,0.851799011,0.850961586,0.00078017,11
124,36.61914897,2.411263031,1.049967051,0.087540419,tanh,30,0.001,1,sgd,32,"{'activation': 'tanh', 'epochs': 30, 'lr': 0.001, 'num_layers': 1, 'optimizer_name': 'sgd', 'units': 32}",0.682884336,0.682517052,0.682041526,0.682480971,0.00034502,87
125,33.65274835,0.33379126,1.1447378,0.09014361,tanh,30,0.001,1,sgd,64,"{'activation': 'tanh', 'epochs': 30, 'lr': 0.001, 'num_layers': 1, 'optimizer_name': 'sgd', 'units': 64}",0.706339121,0.70977968,0.699952424,0.705357075,0.004071613,78
126,38.86605358,2.194723268,1.659039338,0.195041301,tanh,30,0.001,1,sgd,128,"{'activation': 'tanh', 'epochs': 30, 'lr': 0.001, 'num_layers': 1, 'optimizer_name': 'sgd', 'units': 128}",0.721077681,0.724837542,0.717863381,0.721259534,0.002850092,68
127,45.05690853,1.322463868,1.289572001,0.048984022,tanh,30,0.001,1,sgd,256,"{'activation': 'tanh', 'epochs': 30, 'lr': 0.001, 'num_layers': 1, 'optimizer_name': 'sgd', 'units': 256}",0.733122051,0.733872235,0.727056563,0.731350283,0.003051526,63
128,45.92440971,1.054991851,1.502345641,0.155194543,tanh,30,0.001,2,adam,32,"{'activation': 'tanh', 'epochs': 30, 'lr': 0.001, 'num_layers': 2, 'optimizer_name': 'adam', 'units': 32}",0.804754376,0.805040419,0.800760806,0.803518534,0.001953502,32
129,47.89429688,0.350804694,1.425177733,0.099103185,tanh,30,0.001,2,adam,64,"{'activation': 'tanh', 'epochs': 30, 'lr': 0.001, 'num_layers': 2, 'optimizer_name': 'adam', 'units': 64}",0.83248812,0.831193507,0.824694872,0.829458833,0.003409838,21
130,61.64854137,15.77896839,1.183141629,0.261416277,tanh,30,0.001,2,adam,128,"{'activation': 'tanh', 'epochs': 30, 'lr': 0.001, 'num_layers': 2, 'optimizer_name': 'adam', 'units': 128}",0.854992092,0.866698384,0.861943245,0.86121124,0.004807022,5
131,58.98872073,1.350051403,1.091859659,0.125505653,tanh,30,0.001,2,adam,256,"{'activation': 'tanh', 'epochs': 30, 'lr': 0.001, 'num_layers': 2, 'optimizer_name': 'adam', 'units': 256}",0.866877973,0.859724224,0.854493558,0.860365252,0.005076194,6
132,39.43713633,1.342288685,1.058068991,0.258067039,tanh,30,0.001,2,sgd,32,"{'activation': 'tanh', 'epochs': 30, 'lr': 0.001, 'num_layers': 2, 'optimizer_name': 'sgd', 'units': 32}",0.681933463,0.695355833,0.680297971,0.685862422,0.006745979,86
133,40.44876615,1.714147568,1.581074794,0.320272485,tanh,30,0.001,2,sgd,64,"{'activation': 'tanh', 'epochs': 30, 'lr': 0.001, 'num_layers': 2, 'optimizer_name': 'sgd', 'units': 64}",0.708874822,0.724045038,0.702805519,0.71190846,0.008932395,76
134,45.70845532,0.457975286,1.380645672,0.238674752,tanh,30,0.001,2,sgd,128,"{'activation': 'tanh', 'epochs': 30, 'lr': 0.001, 'num_layers': 2, 'optimizer_name': 'sgd', 'units': 128}",0.732012689,0.739578366,0.726422548,0.732671201,0.005390987,61
135,57.5013206,1.411826433,1.485856374,0.119735879,tanh,30,0.001,2,sgd,256,"{'activation': 'tanh', 'epochs': 30, 'lr': 0.001, 'num_layers': 2, 'optimizer_name': 'sgd', 'units': 256}",0.741521418,0.746711075,0.737676322,0.741969605,0.003702012,55
136,48.28581691,0.675739078,1.412624359,0.064594389,tanh,30,0.001,3,adam,32,"{'activation': 'tanh', 'epochs': 30, 'lr': 0.001, 'num_layers': 3, 'optimizer_name': 'adam', 'units': 32}",0.817908108,0.82849896,0.801077843,0.815828303,0.011290811,27
137,48.12547755,0.788814391,1.484586954,0.303134511,tanh,30,0.001,3,adam,64,"{'activation': 'tanh', 'epochs': 30, 'lr': 0.001, 'num_layers': 3, 'optimizer_name': 'adam', 'units': 64}",0.851664007,0.840545237,0.810271025,0.834160089,0.017491375,19
138,52.07797066,0.701087401,1.521065394,0.124562432,tanh,30,0.001,3,adam,128,"{'activation': 'tanh', 'epochs': 30, 'lr': 0.001, 'num_layers': 3, 'optimizer_name': 'adam', 'units': 128}",0.838510275,0.862894297,0.86479634,0.855400304,0.011968271,7
139,68.18121807,0.921376402,1.128414949,0.053155682,tanh,30,0.001,3,adam,256,"{'activation': 'tanh', 'epochs': 30, 'lr': 0.001, 'num_layers': 3, 'optimizer_name': 'adam', 'units': 256}",0.861489713,0.874782085,0.865905821,0.86739254,0.005527479,3
140,45.11582756,1.553795157,1.302209616,0.186631066,tanh,30,0.001,3,sgd,32,"{'activation': 'tanh', 'epochs': 30, 'lr': 0.001, 'num_layers': 3, 'optimizer_name': 'sgd', 'units': 32}",0.66085577,0.657314956,0.681090534,0.66642042,0.01047357,89
141,42.9478631,0.432844944,1.108223279,0.101637137,tanh,30,0.001,3,sgd,64,"{'activation': 'tanh', 'epochs': 30, 'lr': 0.001, 'num_layers': 3, 'optimizer_name': 'sgd', 'units': 64}",0.711410463,0.719289899,0.706768095,0.712489486,0.00516863,74
142,45.90561724,0.505517073,1.190318505,0.178188282,tanh,30,0.001,3,sgd,128,"{'activation': 'tanh', 'epochs': 30, 'lr': 0.001, 'num_layers': 3, 'optimizer_name': 'sgd', 'units': 128}",0.737717927,0.737834811,0.732604206,0.736052314,0.002438648,58
143,49.48915585,4.22018293,0.500347535,0.128804399,tanh,30,0.001,3,sgd,256,"{'activation': 'tanh', 'epochs': 30, 'lr': 0.001, 'num_layers': 3, 'optimizer_name': 'sgd', 'units': 256}",0.750079215,0.748930097,0.741955936,0.746988416,0.00358929,54
